{
    "accuracy": 0.59,
    "precision": 0.5740740740740741,
    "recall": 0.6326530612244898,
    "auc": 0.5506202480992397
}